pergunta,resposta
"Qual é o Pokémon com maior taxa de uso absoluto no metagame VGC 2026 Regulation M-B em alto elo (1760+ Elo, Bo3)?","Kingambit é o Pokémon dominante absoluto do formato, registrando uma impressionante taxa de uso de 55,70% nos dados de alto elo de combates Bo3."
Qual é a taxa de uso do Mega Charizard Y no Regulation M-B Bo3 e qual é o seu papel central no metagame?,"Mega Charizard Y possui uma taxa de uso de 50,46%, consolidando-se como o segundo Pokémon mais popular. Sua centralidade vem do imenso poder ofensivo especial e da capacidade de invocar o clima de Sol (Drought), que beneficia aliados do tipo Planta e pune atacantes do tipo Aço."
Como o desempenho e a viabilidade do Sneasler se comportaram na transição do Regulation M-A para o M-B de acordo com os rankings de viabilidade?,"Sneasler decaiu ligeiramente de S-tier no Regulation M-A para A- no Regulation M-B. Essa queda é explicada pelo aumento do uso de Chople Berry em Kingambit (o que impede o OHKO de Close Combat), a dominância de Mega Charizard Y e a ascensão do Garchomp, que é seu principal counter na meta."
Por que Garchomp é classificado no tier S de viabilidade e considerado um dos Pokémon mais flexíveis e splashable do formato?,"Garchomp possui 45,00% de uso em Bo3 devido à sua grande capacidade de adaptação. Ele se encaixa em times de Sol (com Zard Y), chuva, areia ou times defensivos de Mega Floette. Além disso, é um excelente contra-ataque ofensivo a Mega Charizard Y, Sneasler, Incineroar e Kingambit."
Qual é a taxa de uso e a principal função do Incineroar em partidas Bo3 de alto elo?,"Incineroar possui uma taxa de uso de 42,30% em Bo3 de alto elo. Ele atua como o principal suporte de pivot do metagame, utilizando sua habilidade Intimidate e o movimento Fake Out para controlar o ritmo de jogo e enfraquecer atacantes físicos."
Como Basculegion-M se posiciona ofensivamente no formato Regulation M-B?,"Basculegion-M é um dos atacantes físicos mais perigosos do formato (40,39% de uso em Bo3). Graças ao seu imenso poder ofensivo sob chuva e o devastador Last Respects no fim de jogo (alcançando até 150 de Base Power), ele consegue atuar tanto como ativador de furos no início do jogo quanto como limpador (sweeper) de fim de jogo."
Qual é o posicionamento de Mega Floette no metagame e qual a justificativa de seu tiering elevado?,"Mega Floette está classificada no tier A+ (com 32,89% de uso em Bo3). Ela é uma das ameaças de ataque especial do tipo Fada mais consistentes do formato, capaz de punir severamente os tipos Dragão e Lutador (como Garchomp e Sneasler) com golpes pesados de STAB, como Light of Ruin."
De que forma Whimsicott se destaca no formato de alto elo do Regulation M-B?,"Whimsicott registra 31,77% de uso em Bo3, atuando como o principal suporte do tipo Prankster. Ele é crucial para garantir a vantagem de velocidade do time usando Tailwind prioritário no turno 1, além de oferecer controle de campo excelente com golpes como Encore e Taunt."
Qual é a relevância de Sinistcha no Regulation M-B e quais golpes o destacam como suporte?,"Com uma taxa de uso de 20,03% em Bo3, Sinistcha destaca-se pela excelente utilidade defensiva. Sua habilidade Hospitality cura o parceiro ao entrar em campo, e seu moveset tipicamente traz Rage Powder (redirecionamento de golpes do tipo Lutador e Água), além de acesso a Trick Room para controle de velocidade."
"Por que o uso de Aegislash despencou no metagame do Regulation M-B, terminando no tier C-?",Aegislash perdeu espaço por ser excessivamente vulnerável às duas principais ameaças ofensivas do formato: Garchomp (ataques de Terra) e Mega Charizard Y (ataques de Fogo sob o Sol). Sua dependência de previsões no fim de jogo com King's Shield e a fraqueza ao Intimidate de Incineroar o tornam ineficiente contra jogadores experientes.
Como a utilidade de Pelipper se compara à de Politoed como invocador de chuva no Regulation M-B?,"Pelipper é amplamente preferido pela comunidade competitiva (tier B+) em comparação ao Politoed (tier B-). Pelipper oferece excelente utilidade ofensiva com Hurricane 100% preciso na chuva, acesso a Wide Guard e melhor presença aérea, enquanto Politoed fica restrito ao nicho de Perish Song."
Qual é a justificativa de viabilidade de Mega Froslass e quais são os seus pontos fortes no Regulation M-B?,"Apesar de estar no tier B-, Mega Froslass é um atacante misto de Gelo e Fantasma muito rápido e perigoso. Ela ameaça nocautear Garchomp com Blizzard e tem ótima sinergia com parceiros de peso como Dragonite (em times de dupla Mega), apresentando um desempenho consistente em torneios presenciais e na ladder."
"Por que o Pokémon de tipo Aço/Aéreo Archaludon perdeu parte de sua dominância, e qual o seu tiering atual?","Archaludon está classificado no tier B no Regulation M-B. O motivo de sua queda é que no início do combate, antes de receber golpes e acumular aumentos de Defesa de sua habilidade Stamina, ele é muito vulnerável a leads lutadores velozes como Sneasler, que conseguem dar OHKO com Close Combat."
"Qual é a lógica estratégica por trás da famosa tríade física (core) composta por Sneasler, Kingambit e Basculegion-M?",Este core divide funções perfeitamente: Sneasler lidera limpando ameaças como Kingambit e Incineroar inimigos com Close Combat e oferecendo suporte de Fake Out. Kingambit pune o Intimidate adversário com Defiant e lida com Farigiraf. Basculegion-M entra no fim de jogo para varrer o que sobrou com Last Respects impulsionado pelas baixas do time.
Quais parceiros de equipe fornecem a melhor sinergia ofensiva e defensiva para o Mega Charizard Y?,"Whimsicott e Sylveon são parceiros ideais do tipo Fada que pressionam dragões como Garchomp e Mega Dragonite que resistem aos ataques de Fogo de Charizard. Aerodactyl também é excelente por oferecer Tailwind e Wide Guard (bloqueando Rock Slide), além de sua habilidade Unnerve impedir oponentes de usarem bagas defensivas."
Qual é a composição do chamado 'core de chuva padrão' (standard rain core) no Regulation M-B?,"O core de chuva padrão mais bem-sucedido consiste em Archaludon, Grimmsnarl, Swampert Mega e Pelipper, garantindo controle excelente de velocidade (Tailwind + Swift Swim), barreiras defensivas de Grimmsnarl (screens) e poder bruto físico de Swampert sob a chuva."
Como Grimmsnarl apoia ameaças defensivas e ofensivas como Archaludon e Garchomp no metagame?,"Grimmsnarl usa Prankster para levantar barreiras de Reflect e Light Screen prioritárias, mitigando significativamente o dano recebido por Archaludon e Garchomp. Sua tipagem Fada/Sombrio também provê matchups favoráveis contra oponentes temidos como Basculegion-M e Garchomp."
Com quais Pokémon Farigiraf compartilha sua maior taxa de teammates (sinergia) nos dados do formato Bo3 de alto elo?,"Farigiraf possui altíssima associação de equipe com Kingambit (84,67%), Camerupt-Mega (83,31%) e Sylveon (83,04%), sendo o pilar central dos times voltados para Trick Room e contra-prioridade."
Qual parceiro do tipo Planta possui a maior sinergia sob o clima de Sol do Mega Charizard Y e qual é o seu moveset de preferência?,"Venusaur é o principal parceiro devido à habilidade Chlorophyll, que dobra sua velocidade sob o sol. Seu moveset de preferência é Sludge Bomb, Earth Power, Giga Drain e Protect, permitindo-lhe ultrapassar e ameaçar nocaute em alvos como Basculegion-M."
Como Garchomp e Mega Charizard Y cooperam sinergicamente durante as rodadas ofensivas?,"Como Mega Charizard Y possui o tipo Voador, ele é imune a ataques de Terra. Garchomp pode usar Earthquake livremente ao seu lado para limpar ameaças de Pedra e Fogo como Hisuian Arcanine e Glimmora, enquanto Charizard elimina Pokémon do tipo Aço e Planta que ameaçam Garchomp."
Qual é a sinergia estratégica existente entre Alolan Ninetales e o atacante Basculegion-M?,Alolan Ninetales fornece suporte de neve com a habilidade Snow Warning e pode usar Icy Wind para controle de velocidade e Aurora Veil para proteção extra. Essa redução de velocidade dos oponentes permite que Basculegion-M use itens puramente ofensivos (como Life Orb ou Mystic Water) em vez de Choice Scarf.
Como o Pokémon Snorlax atua como suporte no metagame do Regulation M-B e quais ameaças ele ajuda a anular?,"Snorlax atua como um suporte muito volumoso (Bulky Support) com a habilidade Thick Fat. Ele consegue absorver sem problemas ataques fortes dos tipos Fogo e Gelo vindos de Mega Charizard Y e Mega Froslass, além de resistir a danos do tipo Fantasma de Basculegion-M, provendo durabilidade e quebra de ritmo ao time aliado."
Quais são os principais companheiros de equipe registrados para Mega Metagross nos dados de alto elo?,"O principal aliado do Mega Metagross é Sinistcha (com 34,07% de teammates), seguido por Whimsicott (21,58%), Incineroar (21,21%) e Garchomp (20,78%), que ajudam a mitigar suas fraquezas a golpes de Fogo e Terra."
Como funciona a sinergia de Trick Room envolvendo Maushold e Mega Crabominable?,"Maushold fornece suporte com a habilidade Friend Guard e o movimento After You. Sob Trick Room, Maushold pode usar After You para fazer com que o extremamente lento e poderoso Mega Crabominable ataque imediatamente no turno, quebrando as defesas do oponente antes que ele possa agir."
Quem são as principais escolhas de teammates para Sneasler atuando como suporte disruptivo nos dados de moveset Bo3 de alto elo?,"Sneasler disruptivo possui altíssima correlação de equipe com Arcanine-Hisui (96,44%), Kingambit (96,44%), Dragonite (96,05%) e Whimsicott (96,03%), encaixando-se em composições de ritmo ofensivo acelerado."
Por que a combinação de Whimsicott com Mega Staraptor é descrita como uma composição 'protect the President' e qual o seu ponto fraco?,"É uma estrutura hiperofensiva onde Whimsicott foca exclusivamente em dar suporte total (como Tailwind e Helping Hand) para manter o Mega Staraptor seguro e forte. Seu ponto fraco é a fragilidade extrema; se o suporte de Whimsicott for anulado (ex: com Fake Out ou Taunt), o time desmorona facilmente."
Qual é o Pokémon que possui a maior taxa de liderança (lead) absoluta em partidas Bo3 de alto elo no Regulation M-B e por quê?,"Mega Charizard Y é o lead mais popular do formato, registrando uma taxa de 11,41% de aberturas de combate. Ele é preferido para ditar as condições de clima e colocar pressão imediata com ataques especiais de Fogo logo no primeiro turno."
Qual é a relevância de se liderar com Incineroar no turno 1 e qual é a sua taxa de liderança em Bo3 de alto elo?,"Incineroar possui 8,23% de taxa de lead em Bo3 de alto elo. Ele é trazido no turno 1 principalmente para reduzir o dano do oponente de imediato com a habilidade Intimidate e exercer controle usando Fake Out para impedir o movimento de uma ameaça adversária."
"Por que Whimsicott é liderado em 8,13% das partidas Bo3 de alto elo?",Whimsicott é o terceiro lead mais comum devido à habilidade Prankster. Ele garante que o time comece o turno 1 ativando Tailwind com prioridade +1 para garantir controle de velocidade ou aplicando Taunt prioritário para impedir o setup ou barreiras do oponente.
Por que liderar com Basculegion-M de forma direta no turno 1 é geralmente desencorajado no cenário competitivo?,"Porque Basculegion-M necessita que aliados sejam derrotados em combate para que seu principal golpe, Last Respects, alcance o potencial máximo de dano."
Qual o perigo enfrentado por jogadores que lideram Sneasler como principal ativador de velocidade (Unburden) contra oponentes com Glimmora lead?,"Liderar com Sneasler (6,08% de lead em Bo3) para ativar Unburden e buscar nocautes rápidos é perigoso contra Glimmora devido à habilidade Toxic Debris deste último, que espalhará espinhos venenosos (Poison Spikes) no campo aliado a cada ataque físico desferido pelo Sneasler, punindo severamente futuras trocas."
Por que Garchomp é considerado uma abertura de combate (lead) tão intimidadora contra suportes físicos?,"Garchomp (5,51% de lead em Bo3) pune severamente suportes físicos que dependem de Fake Out, como Sneasler ou Incineroar, graças à sua habilidade Rough Skin, que causa dano residual ao agressor. No caso de Sneasler, esse dano quebra seu item Focus Sash de imediato no turno 1."
Com qual frequência Mega Floette é liderada e qual o seu objetivo ao entrar no primeiro turno?,"Mega Floette tem uma taxa de lead de 5,68% em Bo3 de alto elo. Seu objetivo no turno 1 é forçar nocautes imediatos e pressionar a equipe adversária antes que suportes defensivos ou climas concorrentes consigam se estabelecer no campo."
Por que definir Trick Room no turno 1 com leads como Farigiraf ou Sinistcha é uma contraestratégia comum?,"Porque muitas equipes agressivas lideram com geradores de velocidade rápida (como Whimsicott com Tailwind). Ativar o Trick Room no turno 1 inverte completamente a prioridade de velocidade do combate, deixando o time hiperofensivo adversário vulnerável e lento."
"Como a presença de Kingambit como lead (6,10% de lead em Bo3) afeta a decisão do oponente de liderar com Intimidate?","A simples presença ou liderança do Kingambit desencoraja o oponente a abrir com Incineroar ou Hisuian Arcanine. Se o Intimidate for ativado no Kingambit, sua habilidade Defiant será acionada, revertendo a perda e concedendo ao Kingambit um aumento imediato de +2 em seu Ataque físico."
Como se resolve o confronto de climas entre Mega Charizard Y e ativadores de chuva como Pelipper no turno 1?,"No turno 1, as habilidades climáticas Drought e Drizzle são ativadas na ordem de velocidade das criaturas (o mais rápido ativa primeiro e o mais lento ativa por último, definindo o clima final). Devido a isso, jogadores experientes costumam manter seus ativadores no banco para trazê-los em trocas reativas estratégicas."
Qual é o principal perigo de liderar com Pelipper e Mega Swampert contra times de sol do Mega Charizard Y?,"O perigo é que Mega Charizard Y pode punir instantaneamente no turno 1 com Solar Beam sob o sol (que causa dano massivo de 4x de fraqueza no Mega Swampert de tipo Água/Terra), além de reduzir pela metade a precisão de ataques como Hurricane do Pelipper (de 100% para 50% fora de chuva)."
Como a habilidade Armor Tail de Farigiraf impacta a dinâmica de leads focados em prioridade no primeiro turno?,"Armor Tail impede totalmente que oponentes usem golpes com prioridade positiva (como Fake Out, Sucker Punch de Kingambit ou ataques com prioridade Prankster de Whimsicott) direcionados a Farigiraf ou ao seu parceiro de lead. Isso neutraliza as opções disruptivas do oponente e permite uma abertura de rodada limpa."
Qual é o moveset padrão de três ataques de Mega Charizard Y e qual recurso ele utiliza para superar a barreira do movimento Wide Guard?,"O moveset padrão consiste em Heat Wave (spread), Solar Beam (cobertura) e Weather Ball. Para superar Wide Guard (que bloqueia Heat Wave), o Charizard usa Weather Ball que, sob o Sol, atua como um golpe de fogo de alvo único de imensa força que ignora completamente a Wide Guard."
Qual é a distribuição típica de EVs (SP Spreads) recomendada na dex para Mega Charizard Y e o que ela garante sobreviver?,A distribuição recomendada em Reg M-B é 16 HP / 25 Def / 12 SpA / 13 Spe com natureza Modest. Esse perfil defensivo garante que Charizard Y sobreviva ao Rock Slide de Garchomp (não-Life Orb) e tenha excelentes chances de resistir ao Wave Crash de Basculegion-M (Mystic Water Adaptability) sob o Sol.
Quais são as porcentagens de uso de itens do Kingambit nos dados Bo3 de alto elo?,"O Kingambit possui grande variedade de itens: Life Orb lidera com 32,55% de uso, seguido de perto por Chople Berry com 28,47% (sobreviver a ataques Lutadores), Black Glasses com 18,93% (para maximizar danos Sombrios) e Occa Berry com 10,41%."
Quais são as distribuições de EVs mais eficientes para Kingambit com base em seus objetivos em batalha?,"O spread clássico é 32 HP / 32 Atk / 2 Def Adamant para maximizar a troca de dano bruto com Chople ou Black Glasses. Alternativamente, rodando Focus Sash ou 4 ataques, usa-se 2 HP / 32 Atk / 32 Spe Adamant para ultrapassar Pelippers volumosos e alguns Incineroars mais lentos."
Qual é o spread de EVs típico de Sneasler focado em suporte ofensivo e quais são seus golpes mandatórios na dex?,"Sneasler ofensivo usa 2 HP / 32 Atk / 32 Spe com natureza Adamant ou Jolly. Seus movimentos mandatórios são Fake Out (sendo o usuário de Fake Out naturalmente mais veloz do formato), Close Combat, Dire Claw (STAB com grande chance de causar status negativos) e Coaching ou Quick Guard."
Como se distribui os EVs de um Farigiraf Sassy focado em suporte de Trick Room e quais são seus quatro ataques padrão?,"O Farigiraf focado em Trick Room roda o spread Sassy com 28 HP / 0 Atk / 6 Def / 0 SpA / 32 SpD / 0 Spe (93,27% de preferência). Seus quatro golpes de moveset padrão são Trick Room, Skill Swap, Helping Hand e Psychic, segurando uma Sitrus Berry para cura."
Qual item e distribuição de EVs são otimizados para o Basculegion-M atuar com Focus Sash de forma segura?,"O Basculegion-M usa Focus Sash com o spread de 2 HP / 32 Atk / 32 Spe Adamant. Seu moveset deve rodar Liquidation no lugar de Wave Crash (visto que o dano de recuo de Wave Crash quebraria seu próprio Focus Sash), além de Last Respects, Aqua Jet e Protect."
Qual spread defensivo de Basculegion-M (com Mystic Water) é projetado especificamente para nocautear Mega Floette volumosas?,"Usa-se o spread de 16 HP / 24 Atk / 6 Def / 20 Spe com natureza Adamant. Esse investimento específico garante que Basculegion resista a Sucker Punch de Kingambit sem Black Glasses, sobreviva a Shadow Ball de Mega Gengar volumosos e nocauteie Mega Floette com Wave Crash fortalecido por Mystic Water."
Como se distribui os EVs de um Garchomp que segura Choice Scarf para garantir que ele supere Choice Scarf Basculegion-M adversários?,"O Garchomp de Choice Scarf usa o spread de 29 Atk / 15 SpD / 22 Spe com natureza Adamant. Esse investimento foca em sobreviver ao Dazzling Gleam de Mega Floette com os EVs de Special Defense, enquanto a velocidade otimizada ultrapassa Choice Scarf Basculegion-M."
Qual item e moveset dominam as estatísticas do Mega Gengar (ou Gengar base) nos dados do Chaos Bo3?,"O Gengar usa principalmente Focus Sash (91,99% de uso) com spread Adamant de 2 HP / 32 Atk / 32 Spe. Seus movimentos principais são Poltergeist (98,47% de uso), Shadow Sneak (93,60%) e Close Combat (90,85%), oferecendo cobertura física absurda."
O que faz a Roseli Berry quando equipada em Garchomp e qual spread é otimizado para esse set?,"Roseli Berry reduz pela metade o dano recebido por ataques super efetivos do tipo Fada (como Moonblast de Mega Floette e Sylveon). O spread recomendado é 17 HP / 27 Atk / 22 Spe Adamant, permitindo que Garchomp sobreviva também ao +2 Sucker Punch de Kingambit."
Quais são os itens e habilidades mais comuns para Slowbro-Galar de acordo com os dados estatísticos?,"Slowbro-Galar roda principalmente as habilidades Regenerator (48,49%) ou Quick Draw (46,96%). Seus itens mais comuns são Quick Claw (45,60% de uso, com alta sinergia com Quick Draw) ou Kasib Berry (37,79% de uso) para mitigar golpes do tipo Fantasma."
"No metagame do VGC 2026 Regulation M-B Bo3 de alto elo (1760+ Elo), qual é a taxa de uso do Garchomp e o que o torna o Pokémon sem Mega-evolução mais flexível e splashable?","Garchomp possui 45,00% de uso absoluto em Bo3. Ele se consolida como extremamente splashable porque se encaixa perfeitamente em diversos arquétipos (como times de Sol com Mega Charizard Y, Neve, Areia, Chuva ou times defensivos de Mega Floette), atuando como um check ofensivo fantástico a Sneasler, Incineroar, Kingambit e ao próprio Charizard Y."
Qual é a taxa de uso do suporte especial Mega Floette no formato Bo3 de alto elo e por que ele se posiciona no Tier A+ de viabilidade?,"Mega Floette registra uma taxa de uso de 32,89% em Bo3 de alto elo. Ela se posiciona no Tier A+ de viabilidade por ser o atacante especial do tipo Fada mais consistente do formato, capaz de punir severamente os tipos Dragão e Lutador dominantes (como Garchomp e Sneasler) com seu devastador STAB Light of Ruin."
"De acordo com o ranking oficial de viabilidade do Regulation M-B da Smogon, quais Pokémon compõem o Tier S de dominância absoluta?","O Tier S de dominância absoluta no Regulation M-B é composto por quatro Pokémon: Basculegion, Mega Charizard Y, Garchomp e Kingambit."
"Por que o Sylveon (classificado no Tier A- com 24,39% de uso em Bo3 de alto elo) é considerado essencial para o arquétipo conhecido como Char-Sylv-Aero?","Sylveon é o pilar ofensivo do tipo Fada que pressiona os Pokémon do tipo Dragão e Lutador resistentes a Fogo. Sob Tailwind de Mega Aerodactyl, ele permite que o Mega Charizard Y desfrute de um campo livre para descarregar seus ataques de fogo sob o Sol."
Qual é a taxa de uso de Gholdengo em Bo3 de alto elo no Regulation M-B e quais ameaças ele consegue anular naturalmente?,"Gholdengo possui 6,87% de uso em Bo3 de alto elo. Sua combinação única de tipo (Aço/Fantasma) e sua habilidade Good as Gold o tornam um counter perfeito para Sneasler, Mega Staraptor, Mega Floette, Sylveon e Sinistcha, além de torná-lo completamente imune a esporos e status induzidos."
"Qual o papel de Toxapex (Tier B, com 7,61% de uso em Bo3 de alto elo) no metagame do Regulation M-B?","Toxapex atua como um suporte defensivo de excelência. Ele utiliza Wide Guard para proteger aliados de golpes de área (como Heat Wave ou Eruption), além de possuir a habilidade Regenerator e capacidade de prender e envenenar ameaças físicas com Baneful Bunker."
Por que a viabilidade de Politoed (Tier B-) decaiu drasticamente em comparação com a de Pelipper (Tier B+) no Regulation M-B?,"Politoed ficou excessivamente restrito ao nicho de Perish Song. Como Mega Gengar (seu melhor parceiro de Shadow Tag) é muito frágil e decaiu no meta, o Perish Trap perdeu espaço. Pelipper é amplamente superior por oferecer Hurricane de STAB com 100% de precisão na chuva e Wide Guard."
O que justifica a presença de Mega Scovillain no tier C+ do metagame do Regulation M-B e quais são suas vantagens ocultas?,"Mega Scovillain é uma ameaça subestimada de nicho. Ele atua como um redirecionador (Rage Powder) que é imune a esporos por ser do tipo Planta, e pune severamente os atacantes físicos oponentes com queimaduras induzidas, além de punir tipos Planta oponentes com nukes de fogo."
Por que Mega Staraptor é descrito na análise competitiva como uma 'armadilha para iniciantes' (noob trap) no Regulation M-B?,"Embora possua alto poder ofensivo, Mega Staraptor incentiva a montagem de equipes frágeis do estilo 'protect the President' que dependem inteiramente de Whimsicott para velocidade e suporte. Se o suporte for anulado com Fake Out ou Taunt, o time desmorona facilmente, sendo preferidos Megas como Raichu Y."
Qual a taxa de uso do Arcanine-Hisui em Bo3 de alto elo e qual sua utilidade primária nos times de ritmo acelerado?,"Arcanine-Hisui registra 8,34% de uso em Bo3 de elo alto. Ele atua como uma das maiores ameaças ofensivas físicas do formato, encontrando espaço em times de Sol e equipes lideradas por Mega Raichu Y, pressionando Kingambit e Mega Charizard Y com Head Smash e Flare Blitz sem sofrer dano de recuo devido a Rock Head."
"Como o Venusaur (base) consegue se destacar como um Tier B+ de viabilidade (18,49% de uso em Bo3 de alto elo) mesmo sem ocupar o slot de Mega-evolução?","Venusaur é o melhor parceiro não-Mega para o Mega Charizard Y. Sob o clima de Sol (Drought) do parceiro, a habilidade Chlorophyll do Venusaur dobra sua velocidade, permitindo-lhe ultrapassar atacantes velozes do formato e nocautear oponentes com Sludge Bomb, Giga Drain e Earth Power."
"Por que o uso de Mega Gengar (Tier B, com 6,24% de uso em Bo3 de alto elo) caiu significativamente no Regulation M-B?","O metagame tornou-se extremamente hostil para estratégias de Perish Trap devido à dominância de atacantes velozes com Tailwind (como Whimsicott) e fortes golpes físicos de prioridade (como Sucker Punch de Kingambit), que forçam Gengar a jogar recuado devido à sua extrema fragilidade física."
De que forma Slowbro-Galar (Tier C- no metagame) tenta surpreender adversários no Regulation M-B?,"Slowbro-Galar atua com a combinação da habilidade Quick Draw (46,96%) e do item Quick Claw (45,60%). Isso lhe confere uma chance acumulada substancial de atacar primeiro de forma prioritária em cada turno, quebrando as táticas de controle de velocidade dos oponentes."
"Como Grimmsnarl (7,29% de uso em Bo3 de alto elo) fornece a sinergia defensiva perfeita para Archaludon e Swampert Mega?","Grimmsnarl levanta Reflect e Light Screen prioritárias via Prankster. Sob chuva, essa redução de dano permite que Archaludon acumule bônus de Stamina de forma segura e que Swampert Mega desfira Wave Crash sem ser severamente punido por danos de recuo ou golpes oponentes."
"Qual a lógica estratégica do core ofensivo de Sol composto por Whimsicott, Glimmora e Mega Charizard Y (conhecido como 'Starfox')?","Whimsicott garante Tailwind para controle de velocidade e pode aplicar Sunny Day manual. Glimmora espalha veneno com Mortal Spin, quebrando Focus Sashs, enquanto Mega Charizard Y limpa o campo oponente com Heat Wave sob o Sol, gerando um ritmo ofensivo insuportável no início do jogo."
"Por que Sneasler e Arcanine-Hisui compartilham uma altíssima correlação de equipe de 96,44% no Regulation M-B de alto elo?","Sneasler provê o Fake Out mais veloz do formato no turno 1, imobilizando uma ameaça oponente e garantindo que Arcanine-Hisui desfira um ataque massivo super efetivo de Head Smash ou Flare Blitz (STABs fortalecidos por Rock Head) sem sofrer interferências."
Qual Pokémon do tipo Dragão possui uma sinergia de 'dupla Mega' (dual Mega) de grande sucesso com Mega Froslass e qual a vantagem dessa composição?,"O parceiro ideal é o Dragonite (base). O time traz Dragonite rodando um set ofensivo de Life Orb (com Inner Focus e Extreme Speed) e Mega Froslass. Isso cria enorme imprevisibilidade na Team Preview sobre qual Pokémon será Mega-evoluído, complicando a estratégia de switch-in do oponente."
Qual é a sinergia de suporte existente entre Whimsicott e Sylveon em equipes que utilizam Mega Charizard Y?,"Whimsicott fornece Tailwind para o Sylveon ultrapassar ameaças velozes do formato e usar Pixilate Hyper Voice impulsionado por Helping Hand de Whimsicott, limpando do campo oponentes dos tipos Dragão e Sombrio que tentam resistir aos golpes de Fogo de Charizard."
"Por que Farigiraf e Camerupt-Mega compartilham uma taxa altíssima de teammates de 83,31% no Regulation M-B Bo3?",Camerupt-Mega é um dos atacantes especiais mais lentos (base 20 de Velocidade) e destrutivos do formato. Farigiraf garante a ativação segura de Trick Room com Armor Tail (bloqueando golpes de prioridade oponentes como Fake Out) e impulsiona o Eruption de Camerupt com Helping Hand.
"Como funciona a sinergia entre o Mega Metagross e o suporte Sinistcha (34,07% de teammates)?","Sinistcha ativa Hospitality para curar o Metagross ao entrar em campo, usa Rage Powder (redirecionamento) para protegê-lo de golpes de Fogo ou Terra e pode configurar Trick Room para permitir que Metagross (base 70 de Velocidade) ataque antes de ameaças velozes."
"Qual a lógica do core de Perish Trap envolvendo Mega Gengar, Politoed e Alolan Ninetales?","Politoed usa Perish Song no turno 1 e Alolan Ninetales configura Aurora Veil sob a neve para garantir a sobrevivência da equipe. Mega Gengar entra em campo com a habilidade Shadow Tag para prender os oponentes e impedir que eles façam trocas, garantindo nocautes automáticos após 3 turnos."
"Por que o Kingambit possui uma taxa de teammates altíssima de 81,41% com o Sylveon em dados de combates Bo3 de elo alto?","Sylveon lida com maestria contra dragões resistentes e ameaças de tipo Lutador (como Sneasler e Kommo-o) que dão OHKO em Kingambit. Em retorno, Kingambit pressiona e elimina tipos Veneno e Aço (como Gholdengo e Toxapex) que barram a ofensiva do Sylveon."
Como se dá a sinergia tática entre Maushold (Friend Guard) e Kommo-o com Clangorous Soul?,Maushold reduz em 25% todo o dano recebido por Kommo-o devido à sua habilidade Friend Guard. Isso permite que Kommo-o use Clangorous Soul com segurança para ganhar +1 em todos os seus atributos e comece a varrer o time oponente com excelente durabilidade.
"De que forma Alolan Ninetales e Kingambit cooperam sinergicamente (45,52% de teammates)?","Alolan Ninetales invoca neve com Snow Warning (aumentando a defesa física do Kingambit em 1,5x) e coloca Aurora Veil. Isso transforma Kingambit em um tanque físico e especial intransponível, permitindo que ele resista a golpes pesados e revide com danos massivos."
Qual a utilidade do core defensivo formado por Toxapex e Venusaur Mega em torneios presenciais do Regulation M-B?,"Venusaur Mega ganha a habilidade Thick Fat, neutralizando suas fraquezas comuns a golpes de Fogo e Gelo. Ao lado de Toxapex, eles criam uma parede defensiva regenerativa quase intransponível, desgastando o oponente com espinhos venenosos, queimaduras e Leech Seed."
Qual Pokémon atua como o parceiro de Trick Room do tipo Planta de maior destaque para Camerupt Mega e Farigiraf?,"Venusaur-Mega (25,68% de teammates) destaca-se sob Trick Room. Com sua velocidade baixa e imensa resistência, ele desfruta de um Sol constante (ativado pelo Sol de Camerupt ou Charizard) para desferir golpes fortes especiais antes dos oponentes."
Qual suporte Prankster possui a maior taxa de liderança (lead) absoluta em combates Bo3 de alto elo?,"Whimsicott lidera a estatística de aberturas de combate, registrando uma taxa de lead de 8,13% em Bo3 de alto elo. Ele foca em garantir Tailwind prioritário +1 no turno 1 ou desestabilizar oponentes com Taunt/Encore."
"Por que liderar com Floette-Mega no turno 1 (5,68% de lead em Bo3 de alto elo) é uma tática ofensiva comum?","A abertura com Floette-Mega visa forçar nocautes imediatos e aplicar uma enorme pressão especial no primeiro turno com Light of Ruin STAB, antes que suportes defensivos consigam configurar telas ou Trick Room."
"Como a liderança de Kingambit no turno 1 (6,10% de lead em Bo3 de alto elo) impacta o setup do oponente?","Liderar com Kingambit pune gravemente os adversários que abrem com habilidades de Intimidate (como Incineroar), revertendo a perda de ataque em um ganho imediato de +2 de Ataque Físico devido à habilidade Defiant, virando o ritmo do jogo a seu favor."
Qual a taxa de lead de Basculegion-M em combates Bo3 de elo alto e qual o risco estratégico de liderá-lo no turno 1?,"Sua taxa de lead é de 5,12% em Bo3. O risco estratégico de liderá-lo é que Last Respects (sua arma principal) inicia o jogo com apenas 50 de Base Power. Sem nocautes anteriores em seus parceiros de equipe, seu poder ofensivo é muito limitado no início."
"Por que a liderança de Sneasler (6,08% de lead em Bo3) é considerada uma das aberturas de combate mais versáteis?","Sneasler provê o Fake Out mais veloz do metagame, neutralizando um lead adversário e garantindo que seu parceiro de equipe execute com total segurança movimentos de Tailwind, Trick Room ou Nasty Plot no turno 1."
"Qual a vantagem tática de se liderar com Grimmsnarl (1,79% de lead em Bo3 de alto elo)?","Liderar com Grimmsnarl garante que Reflect ou Light Screen prioritárias (via Prankster) sejam erguidas de imediato no primeiro turno, mitigando massivamente o dano de leads hiperofensivos oponentes e estabilizando as defesas do time."
"Qual o perigo estratégico enfrentado ao se liderar com Mega Blastoise (1,30% de lead em Bo3) contra times de Sol?",Mega Blastoise sofre enormemente contra Sol devido à redução de 50% de dano em seus ataques de Água (como Water Spout) e à presença comum de parceiros de Sol rápidos (como Venusaur) que ameaçam nocautear o Blastoise com Giga Drain.
"Por que liderar com Alolan Ninetales (0,25% de lead em Bo3) é uma abertura defensiva de alta utilidade?","O lead de Alolan Ninetales invoca neve instantaneamente com Snow Warning (concedendo bônus de 1,5x de Defesa para tipos Gelo) e configura Aurora Veil no turno 1, reduzindo pela metade todo o dano físico e especial recebido pela equipe."
"Qual o objetivo de se liderar com Hisuian Arcanine (1,41% de lead em Bo3 de alto elo) ao lado de um Tailwind setter?","Essa abertura busca aplicar um nocaute imediato e devastador com Flare Blitz ou Head Smash STAB (fortalecidos por Rock Head) em ameaças velozes do oponente que foram ultrapassadas sob Tailwind, garantindo vantagem numérica instantânea."
"Como aberturas de Trick Room lideradas por Farigiraf (1,56% de lead em Bo3 de alto elo) neutralizam leads rápidos?","Farigiraf impede totalmente Fake Out e movimentos prioritários Prankster do oponente com Armor Tail, configurando Trick Room de forma limpa no turno 1 para inverter a prioridade de velocidade e punir os oponentes velozes."
"Qual o papel de se liderar com Toxapex (1,05% de lead em Bo3 de alto elo) no primeiro turno?","Toxapex lidera no turno 1 para posicionar Wide Guard e proteger seu parceiro contra golpes de área devastadores (como Eruption ou Heat Wave de leads de Sol), ou usar Infestation para prender um lead oponente e ditar matchups favoráveis."
"Por que liderar com Glimmora (0,27% de lead em Bo3) é uma tática astuta contra equipes de Fake Out?","Liderar com Glimmora pune severamente ataques de Fake Out físicos do oponente. Ao sofrer contato físico, sua habilidade Toxic Debris espalha espinhos venenosos (Poison Spikes) no campo oponente de imediato no turno 1, punindo futuras trocas."
"Qual item domina as estatísticas de uso em Gholdengo (59,42%) e qual movimento de status é priorizado para setup?","Gholdengo utiliza majoritariamente Life Orb (59,42% de uso) para amplificar o dano especial de Make It Rain e Shadow Ball, tendo o movimento Nasty Plot (100% de uso) como ferramenta mandatória de setup ofensivo especial."
Qual é a distribuição típica de SPs (EVs) recomendada na dex para Gholdengo atuar como um Setup Sweeper no Regulation M-B?,"A dex recomenda o spread Timid de 32 HP / 8 Def / 7 SpA / 3 SpD / 16 Spe, balanceando durabilidade defensiva excelente com velocidade suficiente para ultrapassar ameaças de elo alto após Tailwind."
"Qual item é utilizado em 96,05% das estatísticas de Glimmora no Regulation M-B e qual a sua distribuição de SPs (EVs) na dex?","Glimmora utiliza quase exclusivamente Focus Sash (96,05% de uso) para garantir sobrevivência a um ataque super efetivo do tipo Terra, com a distribuição clássica Modest de 2 HP / 32 SpA / 32 Spe para máxima agressividade especial."
Quais são os três principais itens equipados em Aegislash e suas respectivas taxas de uso no Regulation M-B?,"Aegislash equipa principalmente o item Life Orb com 28,66% de uso, White Herb com 28,29% (anular queda de atributos) e Spell Tag com 22,07% (potencializar ataques físicos de Fantasma como Poltergeist)."
Qual o spread de SPs (EVs) clássico de Aegislash físico e quais são os seus quatro movimentos padrão?,"O spread clássico é Brave: 32 HP / 32 Atk / 2 Def (29,46% de uso). Seu moveset físico padrão traz obrigatoriamente King's Shield, Poltergeist, Shadow Sneak (prioridade STAB) e Close Combat (cobertura super efetiva)."
"Qual item domina as estatísticas de Mimikyu (53,82%) de acordo com o Chaos e quais são os seus companheiros de equipe mais comuns?","Mimikyu segura principalmente Life Orb (53,82%), tendo como teammates mais comuns Incineroar (28,24%), Archaludon (26,93%) e Farigiraf (26,02%), encaixando-se em equipes balanceadas de Trick Room e suporte de screens."
Qual item e distribuição de SPs (EVs) são recomendados para o suporte defensivo Toxapex na dex de Regulation M-B?,"Toxapex equipa obrigatoriamente Leftovers (99,66% de uso) com o spread Bold: 32 HP / 18 Def / 16 SpD (49,31% de uso), otimizando sua resistência máxima associada à habilidade Regenerator."
"Qual item detém 42,45% de uso em Alolan Ninetales nos dados de elo alto e quais movimentos compõem o seu moveset padrão?","Alolan Ninetales equipa preferencialmente Choice Scarf (42,45%) para garantir velocidade, com o moveset composto por Blizzard (100% preciso no granizo), Moonblast, Icy Wind (controle de velocidade) e Aurora Veil."
Como se distribui os SPs (EVs) de um Mega Blastoise (Modest) focado em ofensiva máxima sob a chuva?,"A distribuição de maior sucesso é Modest: 2 HP / 32 SpA / 32 Spe (48,44% de preferência), permitindo que Blastoise atinja máxima velocidade e desfira Water Spout STAB super-potente na chuva."
"Qual item, habilidade e moveset são típicos de Ceruledge nos dados do Chaos do Regulation M-B?","Ceruledge segura majoritariamente Colbur Berry (70,14% de uso), possui a habilidade Flash Fire (99,59% de uso) e roda o moveset com Bitter Blade, Shadow Sneak, Swords Dance e Protect."
Qual a distribuição de SPs (EVs) recomendada para o ativador de Trick Room Camerupt-Mega e quais IVs são priorizados?,Camerupt-Mega utiliza uma natureza Quiet com o spread defensivo/ofensivo especial de 32 HP / 32 SpA / 2 SpD. IVs de Velocidade em 0 são priorizados para garantir que ele atace primeiro que qualquer ameaça sob Trick Room.
O que faz o item Chople Berry em Kingambit e qual a sua taxa de uso em combates Bo3 de elo alto?,"Chople Berry reduz pela metade o dano de um ataque super efetivo do tipo Lutador (como Close Combat de Sneasler). O item é muito popular em combates Bo3 de alto elo, alcançando 28,47% de taxa de uso para evitar o nocaute imediato."
"No formato Bo3 de alto elo (1760+ Elo) do Regulation M-B, qual é a taxa de uso do suporte especial Mega Raichu Y e qual o seu tiering de viabilidade?","Mega Raichu Y registra 12,05% de uso em Bo3 de alto elo e está classificado no Tier B- de viabilidade, destacando-se como um atacante elétrico/fada muito veloz que oferece pressão ofensiva rápida sem necessitar do suporte dedicado de Whimsicott."
Qual a taxa de uso do Mega Delphox em combates Bo3 de elo alto e qual habilidade passiva o define defensivamente no Regulation M-B?,"Mega Delphox registra 10,72% de uso em Bo3 de elo alto. Sua habilidade Levitate (100% de presença) o define defensivamente, concedendo-lhe imunidade total a ataques do tipo Terra, como Earthquake de Garchomp e High Horsepower."
"De acordo com a lista oficial de viabilidade do Regulation M-B, em qual sub-tier se encontram Tyranitar-Mega, Aerodactyl e Metagross-Mega?","Tyranitar-Mega se encontra no Tier B-, enquanto Aerodactyl (base) e Metagross-Mega estão classificados no Tier B de viabilidade."
Qual é a taxa de uso do Mega Aerodactyl em combates Bo3 de elo alto no Regulation M-B e por que ele é valorizado em times hiperofensivos?,"Mega Aerodactyl possui 8,41% de uso em Bo3 de elo alto. Ele é valorizado por sua altíssima velocidade natural e acesso a Tailwind, além da habilidade Unnerve, que impede adversários de consumirem bagas defensivas (como Chople Berry ou Sitrus Berry)."
"Por que o uso do Milotic se mantém relevante no Regulation M-B (5,09% de uso em Bo3 de alto elo) e em qual tier ele está posicionado?","Milotic está no Tier B- de viabilidade. Sua relevância vem de sua habilidade Competitive, que pune os ativadores de Intimidate (como Incineroar) concedendo a Milotic um bônus imediato de +2 em seu Ataque Especial."
Qual é o posicionamento de viabilidade de Mega Swampert no Regulation M-B e qual é a sua taxa de uso em Bo3 de alto elo?,"Mega Swampert está classificado no Tier B de viabilidade e registra 8,98% de uso em Bo3 de alto elo, sendo o principal atacante físico de água sob o clima de chuva com sua habilidade Swift Swim."
"Por que Annihilape é classificado no Tier C+ de viabilidade (com 1,08% de uso em Bo3 de alto elo) no Regulation M-B?","Annihilape enfrenta forte concorrência de outros atacantes físicos de Lutador/Fantasma como Sneasler e Aegislash, além de sofrer severamente contra a dominância de Mega Charizard Y e ataques especiais do tipo Fada de Mega Floette e Sylveon."
Qual é a taxa de uso de Excadrill em Bo3 de elo alto no Regulation M-B e como ele se posiciona no ranking de viabilidade?,"Excadrill possui 4,64% de uso em Bo3 de alto elo e está classificado no Tier C+ de viabilidade, atuando principalmente em composições de areia ao lado de Tyranitar."
Qual é a taxa de uso de Mega Tyranitar em Bo3 de elo alto e qual o seu papel no controle de clima no Regulation M-B?,"Mega Tyranitar possui 4,78% de uso em Bo3 de alto elo. Seu papel é atuar como o principal invocador de tempestade de areia (Sand Stream), aumentando a Special Defense de aliados do tipo Pedra e anulando climas de Sol e Chuva adversários."
"Por que Vivillon se posiciona no Tier C+ de viabilidade mesmo registrando 3,51% de uso em Bo3 de alto elo no Regulation M-B?","Vivillon possui suporte utilitário único com Compound Eyes (tornando Sleep Powder e Hurricane quase 100% precisos) e Rage Powder, mas sua extrema fragilidade defensiva e fraqueza 4x a Pedra limitam seu viés em torneios de alto nível."
Qual é o desempenho e a viabilidade do Mega Dragonite no formato Bo3 de alto elo do Regulation M-B?,"Mega Dragonite possui 2,14% de uso em Bo3 de alto elo e está no Tier C+ de viabilidade, servindo como uma opção secundária de Mega-evolução pesada que se beneficia de composições de chuva e suporte de controle de velocidade."
"O que mantém o Torkoal no Tier B- de viabilidade no Regulation M-B apesar de ter apenas 1,59% de uso em Bo3 de elo alto?",Torkoal é mantido no Tier B- por ser o melhor invocador de Sol alternativo para composições de Trick Room extremo devido à sua altíssima lentidão e capacidade de desferir Eruption massivo sob o sol.
Qual é o posicionamento de viabilidade de Mega Venusaur no Regulation M-B e como seu papel difere da forma base?,"Mega Venusaur está no Tier B de viabilidade. Diferente da forma base (que usa Chlorophyll no sol para velocidade), a forma Mega ganha a habilidade Thick Fat e foco em extrema durabilidade defensiva e controle de campo."
